{
  "timestamp": "2025-05-23T19:34:23.275559",
  "runtime_minutes": 47.1786273320516,
  "total_actions": 180,
  "actions_per_minute": 3.815286925012207,
  "learning_iterations": 15,
  "exploration_rate": 0.39402995,
  "average_reward": 0.01,
  "strategic_phase": "preparation"
}