{
  "timestamp": "2025-05-23T19:59:18.021783",
  "runtime_minutes": 5.225171677271525,
  "total_actions": 298,
  "actions_per_minute": 57.03161894110422,
  "learning_steps": 56,
  "exploration_rate": 0.8,
  "average_reward": -2.2013422818791946,
  "total_reward": -656.0
}